{
  "total_iterations": 5,
  "successful_requests": 5,
  "failed_requests": 0,
  "average_response_time": 20210.26620864868,
  "median_response_time": 10.999202728271484,
  "min_response_time": 8.486032485961914,
  "max_response_time": 51010.02073287964,
  "standard_deviation": 27662.69439165578,
  "total_duration": 101.051555,
  "requests_per_second": 0.04947969380580042,
  "errors": []
}